Project,St Number,Street Name,Agency,Planning District,Market Area,TOD 5 Min Walk,TOD 1/2 Mile,Ward & Parcel,Census Tract,Council District,LAT ,LONG,Permit #,Complete Date,COO Number,Total New Units,New Owner Units,New Rental Units,Afford New Units,Afford New Owner Units,Afford New Rental Units,DESCRIPTION
199 West Brookline St (Concord Baptist),199-201,W Brookline St,BPDA,South End,SOUTH END,1,1,0400450000,706,2,42.343535,-71.076415,02-09-3028,5/29/2019,COO786071,9,,9,0,,,
New Construction Permits 2014: 797-805 River ST,797-805,River St,ISD,Hyde Park,HYDE PARK,1,1,1804343000,1404,5,42.263747,-71.105912,ERT353336,5/14/2019,COO881544,8,0,8,,,,Raze existing building on parcel 4343 that is 11 275 sq ft.; Erect a new  three story Mixed-Use Building.; There will be an Office / Retail Space(s) on the Ground Floor.;There will be Eight ( 8 ) Residential Units on Floors 2 &; 3.
New Construction Permits 2014: 23-25 Normandy  ST,23-25,Normandy  St,ISD,Roxbury,DSNI BLUE HILL,0,0,1400519000 ,903,4,42.311397,-71.078477,ERT305105,1/9/2019,COO910049,3,0,3,,,,"Construct a new 3 family house as per plans that BPDA, WSC & PWD approved"
New Construction Permits 2014: 27 Normandy  ST,27,Normandy  St,ISD,Roxbury,DSNI BLUE HILL,0,0,1400521000 ,903,4,42.311186,-71.078531,ERT305101,1/10/2019,COO910053,3,0,3,,,,"Construct a new 3 family house as per plans that BPDA, WSC & PWD approved: See also 23-25 Normandy St.(ERT305105) "
1 Dalton (Belvidere-Dalton East),1-7,Dalton St,BPDA,Back Bay/Beacon Hill,BACK BAY B HILL,1,1,0401149010,105,7,42.345722,-71.083954,ERT445126,8/22/2019,COO978671,185,185,,,,0,
Adaptive Reuse Permits 2015: 39-41 Mount Vernon ST,39-41,Mount Vernon St,ISD,Back Bay/Beacon Hill,BACK BAY B HILL,1,1,0501625000,203.02,8,42.358529,-71.064919,ALT394406,5/21/2019,COO803953,7,,7,,,,Change occupancy from office use to Seven residential apartments. 
New Constuction Permits 2015: 5 Brigham ST,5,Brigham St,ISD,East Boston,EB WATERFRONT,0,1,0104601000,512,1,42.365072,-71.034429,ERT499195,7/24/2019,COO956939,2,2,0,,,,New 2-family townhouse infill
New Constuction Permits 2015: 57 Seattle ST,57,Seattle St,ISD,Allston/Brighton,ALLSTON,0,1,2200169000,8.02,9,42.360889,-71.125323,ERT540105,7/16/2019,COO974434,3,,3,,,,Three (3) Family Dwelling ERT540105 issued: 11/24/15
Alteration Permits 2015: 294 Columbus AV,294,Columbus Av,ISD,South End,SOUTH END,1,1,0400025000,703,,42.346620,-71.073940,ALT350503,9/20/2019,COO991100,2,0,2,,,,CHANGE OCCUPANCY FROM A TWO-FAMILY DWELLING TO A FOUR-FAMILY DWELLING. ERECT A TWO STORY VERTICAL ADDITION [Trade Jan 19]
1789 Centre St,1789,Centre St,BPDA,West Roxbury,WEST ROXBURY,1,1,2006248010,1302,6,42.287741,-71.152610,ERT516480,9/3/2019,COO987899,16,16,,,,,Small Project consisting of 16 residential conods and 1 office use with 29 total parking spaces at former West Roxbury Motors site.
Bartlett Place Building E,15,Guild St,BPDA,Roxbury,HP EGLESTON,1,1,0903737060,814,7,42.326550,-71.088451,ERT630434,4/19/2019,COO941414,16,16,,2,,2,
The Melnea (Parcel 9/Residential),425-435,Melnea Cass Bl,BPDA,Roxbury,WASH PARK,1,1,0902240000,805,7,42.335100,-71.086891,ERT238890,5/13/2019,COO948096,50,0,50,7,,7,
88 Wareham (Allied Bolt Building Phase II),84-88,Wareham St,BPDA,South End,SOUTH END,1,1,0801106020,712.01,2,42.338965,-71.066361,ERT306572,8/21/2019,COO988587,27,27,,4,4,,
Treadmark (Ashmont TOD II) Condo,1971-1977,Dorchester Av,DND,Dorchester,FOURCORN CODMAN,1,1,1704330000,1004,3,42.283478,-71.065269,ERT378391,1/11/2019,COO910755,32,32,,4,4,,
Edson|Peacevale NHI (30 Milton),30,Milton Av,DND,Dorchester,FOURCORN CODMAN,0,1,1701895000,1003,4,42.286160,-71.078100,ERT619026,6/7/2019,COO959972,1,1,0,1,1,0,A NEW CONSTRUCTION SINGLE FAMILY RESIDENTIAL HOME
Bartlett Place Building B,2503,Washington St,DND,Roxbury,HP EGLESTON,1,1,0903737010,814,7,42.327063,-71.087701,ERT628645,1/31/2019,COO919460,60,0,60,38,,38,
New Construction Permits 2016: 56 Belmont ST,56,Belmont St,ISD,Charlestown,SULLIVAN,0,0,0201518000,406,1,42.382055,-71.064962,ERT640147,1/10/2019,COO909446,3,3,0,,,,"Erect a new 3 story, Three ( 3 )Family Dwelling with Parking located at-grade beneath building.&nbsp; Application to combine Lots shown on ALT640222 and ALT640217).<BR><BR>"
New Construction Permits 2016: 99 Everett ST,99,Everett St,ISD,East Boston,EB WATERFRONT,0,1,0104971000,512,1,42.367185,-71.034299,ERT438446,1/14/2019,COO907721,6,0,6,,,,Erect new four-story multi-family 6 Unit; structure as shown on the drawings.  [Trade Jan 18]
New Construction Permits 2016: 75 Northdale RD,75,Northdale Rd,ISD,WEST ROXBURY,WEST ROXBURY,0,0,2009856190,1304.02,6,42.269253,-71.166187,ERT479998,1/18/2019,COO915361,1,1,0,,,,Erect a single family residence on a vacant lot
New Construction Permits 2016: 80 Faywood AV,80,Faywood Av,ISD,East Boston,ORIENT HEIGHTS,0,0,0102309000,511.01,1,42.391061,-71.002659,ERT451418,6/6/2019,COO955262,3,,3,,,,erect three family on lot at 80 Faywood Avenue
New Construction Permits 2016: 19-21 Ufford ST,19-21,Ufford St,ISD,Mattapan,MATTAPAN,0,1,1702047000,1003,4,42.283992,-71.080577,ERT397913,5/22/2019,COO954260,2,2,0,,,,Construct a new 2 story ;Two ( 2 );Family Dwelling to be addressed as 19 - 21 Ufford St.( see ERT397914 for 23 - 25 Ufford Street;)
New Construction Permits 2016: 23-25 Ufford ST,23-25,Ufford St,ISD,Mattapan,MATTAPAN,0,0,1702049000,1003,4,42.283703,-71.080427,ERT397914,5/22/2019,COO954266,2,2,0,,,,Construct a new 2 story ;Two ( 2 );Family Dwelling to be addressed as 23 - 25 Ufford St.(;see ERT397913 for 19 - 21 Ufford ) 
New Construction Permits 2016: 115 Gladstone ST,115,Gladstone St,ISD,East Boston,ORIENT HEIGHTS,0,1,0101906000,511.01,1,42.389578,-71.004855,ERT271029,9/18/2019,COO997514,2,0,2,,,,Erect a new 2 story;Two ( 2 );Unit Residential building  [Trade Jan 18]
Adaptive Reuse Permits 2016: 301-305 W Broadway ,301-305,W Broadway ,ISD,South Boston,ANDREW SQ,0,1,0600480000,608,2,42.338537,-71.050863,ALT247380,1/16/2019,COO912048,9,9,0,,,,Change occupancy to;1;restaurant space and;9 residential units.; Work to include;an addition of;4 story residential on top of existing building
Alteration Permits 2016: 605 Tremont ST,605,Tremont St,ISD,South End,SOUTH END,1,1,0400235000,706,2,42.343169,-71.073670,ALT494960,6/12/2019,COO949448,1,0,1,,,,CHANGE OF OCCUPANCY FROM 5 FAMILY TO 6 FAMILY AND RETAIL BUSINESS SPACE.  
410 West Broadway,410,W Broadway ,BPDA,South Boston,SEAPORT FT PT,0,0,0601153000,606,2,42.337237,-71.047771,ERT552724,3/7/2019,COO927257,24,24,,3,3,,"Developer proposing a 5-story building containing 24 condominiums (3 IDP Units) and a commercial/retail space (3,200 SF) "
Pier 4 Phase III (Wharf Residential),300,Pier 4 Bl Bl,BPDA,South Boston,SEAPORT FT PT,0,0,0602671055,606,2,42.351778,-71.042603,ERT654534,5/10/2019,COO948133,106,106,,,,,
The Andi (South Bay Town Center Building C),4,Lucy St,BPDA,Dorchester,UPHAMS SAVIN,0,1,0703469000,907,3,42.324482,-71.062133,ERT668259,9/24/2019,COO971787,215,0,215,28,,28,"The proposed project consists of the construction of several new 6 story buildings including approx. 115,000 SF of commercial/retail space, an approx. 65,000 SF cinema, a 150-200 room hotel, up to 500 units of housing, and two parking garages."
26 Hichborn St,24-26,Hichborn St,BPDA,Allston/Brighton,ALLSTON,0,0,2201898000,1,9,42.355761,-71.143950,ERT424407,5/2/2019,COO945071,23,0,23,3,,3,"Five-story building containing 20 residential units with approximately 1,774 sf of ground-floor commercial space"
530 Western Ave,530,Western Av,BPDA,Allston/Brighton,BRIGHTON,0,0,2200583000,1,9,42.361326,-71.145334,ERT595356,5/24/2019,COO955894,132,0,132,17,,17,Trade Oct 17
16 Boardman,16,Boardman St,BPDA,East Boston,ORIENT HEIGHTS,0,1,0100526000,510,1,42.387451,-71.008837,ERT518728,2/13/2019,COO921861,19,19,,2,2,,
8 Banton St,8,Banton St,BPDA,Dorchester,FOURCORN CODMAN,1,1,1601504000,1005,4,42.288273,-71.064192,ERT477906,1/11/2019,COO907796,18,0,18,2,,2,"Proposed project consists of a 3-story, 18 rental units w/ 2 affordable units approximately 21,960 SF & 27 parking spaces"
Douglass Park Expansion Project,150,Camden St,BPDA,South End,SOUTH END,1,1,0901323500,806.01,7,42.338597,-71.083125,ERT605536,6/20/2019,COO961675,44,0,44,8,,8,Propsed of 5 stories and 44 rental units on a 15.500 sq ft portion of the existing Douglass Park project
46 Wareham,46,Wareham St,BPDA,South End,SOUTH END,1,1,0801108000,712.01,2,42.339181,-71.066936,ALT368467,9/17/2019,COO1000514,18,18,0,2,2,,
The Brynx (201 S Huntington),201-221,S Huntington Av,BPDA,Jamaica Plain,MISSION HILL,0,0,1001632000,811,6,42.325666,-71.112417,ERT716028,7/29/2019,COO980171,149,0,149,19,,19,
The Graphic (32 Cambridge St),30-34,Cambridge  St,BPDA,Charlestown,SULLIVAN,1,1,0202160000,406,1,42.383169,-71.073840,ERT665744,8/20/2019,COO991942,171,0,171,23,,23,
1943 Dorchester Av,1943,Dorchester Av,BPDA,Dorchester,FOURCORN CODMAN,1,1,1704530000,1004,4,42.284390,-71.065207,ERT623605,2/4/2019,COO916312,64,0,64,8,,8,
The Harvey (480 Rutherford Ave/Hood),480-500,Rutherford Av,BPDA,Charlestown,SULLIVAN,0,1,0202161000,406,1,42.380883,-71.073578,ERT737932,8/27/2019,COO988874,177,0,177,23,,23,
5 McBride St,5,Mcbride St,BPDA,Jamaica Plain,FOREST HILLS,1,1,1103144000,1202.01,6,42.305795,-71.114430,ERT570220,5/10/2019,COO949216,11,0,11,1,,1,
Hamilton St Studios,123,Hamilton St,BPDA,Dorchester,FOURCORN CODMAN,0,0,1502099000,918,4,42.306654,-71.068137,ERT570150,5/3/2019,COO946088,52,0,52,0,,,
Coppersmith Village Rental,99-101,Border St,DND,East Boston,EB WATERFRONT,1,1,0105590100,503,1,42.372370,-71.041342,ERT305014,8/14/2019,COO987537,56,0,56,41,,41,Proposal calls for 56 rental units (37 affordable) at 75 Border Street and 15 homeownership units (3 affordable) at 80 Liverpool Street.
Coppersmith Village Ownership,78-106,Liverpool St,DND,East Boston,MAVERICK,1,1,0105590200,503,1,42.372401,-71.040993,ERT305015,5/15/2019,COO950463,15,15,,8,8,,
The Harmon Apartments (Boston Home Group),2049,Dorchester Av,DND,Dorchester,FOURCORN CODMAN,0,1,1704416000,1004,4,42.280757,-71.066187,ERT463633,3/7/2019,COO925629,36,0,36,30,,30,Trade Permit Sep 17
Walker Park Apartments,67,Walnut  Pk,DND,Roxbury,HP EGLESTON,0,0,1101615000,813,6,42.314682,-71.095516,ERT463278,7/22/2019,COO976776,49,0,49,49,,49,
Paris Village,189,Paris St,DND,East Boston,MAVERICK,1,1,0106313000,507,1,42.374187,-71.034912,ERT711875,7/24/2019,COO977486,32,0,32,32,,32,
Jewish Community Housing for the Elderly,132,Chestnut Hill Av,DND,Allston/Brighton,BRIGHTON,0,1,2102551000,4.01,9,42.342905,-71.153124,ERT446101,4/16/2019,COO942014,61,0,61,61,,61,Board Approved designation 12/18/14
29 Mount Everett NHI,29-31,Mt Everett ,DND,Dorchester,FOURCORN CODMAN,0,0,1501974000,918,3,42.310338,-71.070508,ALT688204,7/9/2019,COO967705,2,1,1,2,1,1,
New Constuction Permits 2017: 128 Thornton ST,128,Thornton St,ISD,Roxbury,HP EGLESTON,0,0,1100253010,815,7,42.322772,-71.091475,ERT647959,1/7/2019,COO909825,3,3,0,,,,New;construction of;a;Three- Family Residence.
New Constuction Permits 2017: 22 Senator Bolling CI,22,Senator Bolling Ci,ISD,Mattapan,MATTAPAN,0,0,1405196860,1001,4,42.291352,-71.092499,ERT760398,1/30/2019,COO918442,1,1,0,,,,"CONSTRUCT A 2-STORY, WOOD FRAME, 3,023 SF SINGLE FAMILY DWELLING ON A 5,636 SF LOT."
New Constuction Permits 2017: 213 E Eagle ST,213,E Eagle St,ISD,East Boston,MAVERICK,0,0,0103225000,509.01,1,42.381169,-71.032694,ERT677659,2/11/2019,COO921514,7,7,0,,,,DEMOLISH EXISTING TWO FAMILY STRUCTURE. ERECT A FULLY-SPRINKLED 7 UNIT BUILDING 
New Constuction Permits 2017: 37 Kimball ST,37,Kimball St,ISD,Dorchester,UPHAMS SAVIN,0,1,1500266000,916,3,42.304584,-71.057668,ERT485268,2/12/2019,COO922312,3,3,0,,,,ERECT NEW 3 FAMILY DWELLING W/ 3 PARKING SPACES. [Trade Mar 18]
New Constuction Permits 2017: 586 E Third ST,586,E Third St,ISD,South Boston,SOUTH BOSTON,0,0,0603480000,605.01,2,42.336722,-71.036443,ERT599612,2/14/2019,COO922403,3,0,3,,,,"DEMOLISH EXISTING DWELLING AND ERECT A NEW 3 STORY, 3-FAMILY DWELLING [Trade Aug 18]"
New Constuction Permits 2017: 28 Senator Bolling CI,28,Senator Bolling Ci,ISD,Mattapan,MATTAPAN,0,0,1405196830,1001,4,42.290910,-71.092905,ERT727791,2/27/2019,COO926165,1,1,0,,,,"CONSTRUCT A 2-STORY, WOOD FRAME, 2,850 SF SINGLE FAMILY DWELLING ON A 5,636 SF LOT. [Trade Jun 18]"
New Constuction Permits 2017: 65 Meridian ST,65,Meridian St,ISD,East Boston,MAVERICK,1,1,0105738000,506,1,,,ERT637512,2/28/2019,COO927433,6,0,6,,,,Erect 5 story building with 2 retail spaces on first floor and six residential units on the top floor  [Trade Jan 18]
New Constuction Permits 2017: 45 Hawthorne ST,45,Hawthorne St,ISD,Roxbury,HP EGLESTON,0,0,1100168010,815,7,42.324181,-71.092597,ERT603037,3/6/2019,COO927920,3,0,3,,,,"SUBDIVIDE EXITING PARCEL 1100168000 INTO TWO PARCELS, ONE CONTAINING 9092 SQFT AND THE OTHER INCLUDING THE EXISTING TWO FAMILY HAS 6817. ERECT A NEW 3 FAMILY ON THE LARGER OF THE TWO PARCELS TO PLANS."
New Constuction Permits 2017: 205 W Eighth ST,205,W Eighth St,ISD,South Boston,ANDREW SQ,0,1,0700508000,608,2,42.333138,-71.051786,ERT615883,3/26/2019,COO931670,6,6,0,,,,ERECT A NEW 6 UNIT RESIDENTIAL BUILDING WITH ROOF DECK AS PER PLANS.
New Constuction Permits 2017: 17 Barrett AV,17,Barrett Av,ISD,South Boston,SOUTH BOSTON,0,0,0702507000,602,2,42.333617,-71.033590,ERT548825,4/10/2019,COO923425,4,4,0,,,,"DEMOLISH EXISTING SINGLE FAMILY DWELLING, ERECT NEW 3 STORY, 4 UNIT TOWNHOUSE RESIDENTIAL BUILDING [Trade Dec 17]"
New Constuction Permits 2017: 132 Quincy ST,132,Quincy St,ISD,Roxbury,DSNI BLUE HILL,0,0,1300869000,904,7,,,ERT720402,4/9/2019,COO938706,2,0,2,,,,Erect a three story  two-family dwelling. 
New Constuction Permits 2017: 21 Duncan ST,21,Duncan St,ISD,Dorchester,NEPONSET F.C.,1,1,1500099000,921.01,3,42.302431,-71.058666,ERT663077,7/9/2019,COO845124,3,,3,,,,ERECT NEW 3 FAMILY DWELLING AS PLAN
New Constuction Permits 2017: 5 Joy ST,5,Joy St,ISD,Back Bay/Beacon Hill,BACK BAY B HILL,1,1,0501600000,201.01,8,42.357953,-71.065405,ALT757019,4/30/2019,COO945530,3,3,0,,,,Change of occupancy from a private club to a three family dwelling.
New Constuction Permits 2017: 16 Senator Bolling CI,16,Senator Bolling Ci,ISD,Mattapan,MATTAPAN,0,0,1405196890,1001,4,42.291822,-71.092014,ERT759365,4/2/2019,COO936811,1,1,0,,,,"CONSTRUCT A 2-STORY, WOOD FRAME, 3,023 SF SINGLE FAMILY DWELLING ON A 8,757 SF LOT."
New Constuction Permits 2017: 6 Soley ST,6,Soley St,ISD,Charlestown,BUNKER HILL,0,0,0203280000,401,1,42.374090,-71.061876,ERT690730,5/7/2019,COO945529,1,1,0,,,,CONSTRUCTION OF A SINGLE FAMILY RESIDENCE
New Constuction Permits 2017: 89 Jamaica ST,89,Jamaica St,ISD,Jamaica Plain,FOREST HILLS,0,1,1103467000,1201.04,6,42.304951,-71.116811,ERT605361,5/9/2019,COO947827,2,2,0,,,,CONSTRUCT NEW 2-1/2 STORY TWO-FAMILY STRUCTURE.  [Trade Mar 18]
New Constuction Permits 2017: 336 Chelsea ST,336,Chelsea St,ISD,East Boston,MAVERICK,0,1,0106930000,502,1,42.377766,-71.030005,ERT617906,6/6/2019,COO959376,6,6,0,,,,DEMOLISH EXISTING GLASS SHOP ERECT A MIXED USE BUILDING TO BE OCCUPIED AS A FUNERAL HOME AND SIX RESIDENTIAL UNITS. [Trade Feb 19]
New Constuction Permits 2017: 92A-92B Cornell ST,92A-92B,Cornell St,ISD,Roslindale,ROSLINDALE,0,0,1805298000,1104.03,5,42.276674,-71.131795,ERT527353,6/7/2019,COO961150,2,2,0,,,,DEMOLITION OF EXISTING STRUCTURES (ON SEPARATE PERMIT) AND NEW CONSTRUCTION OF A TWO FAMILY DWELLING. THIS IS ONE OF TWO BUILDINGS ON THE SAME LOT. [Trade Jul 18]
New Constuction Permits 2017: 94A-94B Cornell ST,94A-94B,Cornell St,ISD,Roslindale,ROSLINDALE,0,0,1805298000,1104.03,5,42.276674,-71.131795,ERT528183,6/7/2019,COO961158,2,2,0,,,,DEMOLITION OF EXISTING STRUCTURES (ON SEPARATE PERMIT) AND NEW CONSTRUCTION OF A TWO FAMILY DWELLING. THIS IS ONE OF TWO BUILDINGS ON THE SAME LOT. [Trade Jul 18]
New Constuction Permits 2017: 7-9 Burroughs ST,7-9,Burroughs St,ISD,Jamaica Plain,JP PONDSIDE,0,1,1901897000,1201.03,6,42.311984,-71.114737,ERT678556,7/12/2019,COO974396,6,6,0,,,,Construct a new 4 story Mixed-Use Building.; Ground Floor will be a Commercial / Retail space.; On the Upper Floors will be Six ( 6 ) Residential Units. [Trade May 19]
New Constuction Permits 2017: 527 E Broadway ,527,E Broadway ,ISD,South Boston,SOUTH BOSTON,0,0,0602053000,604,2,42.335152,-71.043193,ERT545929,8/23/2019,COO984546,7,7,0,,,,Demolish existing building and build new 7 unit  9 parking space wood frame building. [Trade Feb 18]
Adaptive Reuse Permits 2017: 1632 Dorchester AV,1632,Dorchester Av,ISD,Dorchester,NEPONSET F.C.,1,1,1600980000,921.01,3,42.294680,-71.061490,ALT597052,9/12/2019,COO989136,2,,2,,,,DEMOLISH EXISTING GARAGE. CHANGE OCCUPANCY FROM A;FUNERAL PARLOR TO ATWO ( 2 ) FAMILY DWELLING BY DOING RENOVATIONS ON THE FIRST FLOOR
New Constuction Permits 2017: 46-48 Woodley AV,46-48,Woodley Av,ISD,West Roxbury,WEST ROXBURY,0,0,2012068000,1304.06,6,42.264829,-71.149826,ERT598370,9/13/2019,COO997460,2,2,,,,,"COMBINE 4 EXISTING PARCELS ... PARCEL #2012067000 (WITH 5,711 S.F.) AND PARCEL #2012068000 (WITH 23,100 S.F.) AND PARCEL #201206901 (WITH 1,250 S.F.) AND PARCEL #2012093030 (WITH 19 S.F) INTO 1 LOT OF 30,080 S.F. ERECT NEW CONSTRUCTION 2 FAMILY DWELLING AS PER ATTACHED PLANS.&NBSP; IN CONJUNCTION WITH ERT598276"
New Constuction Permits 2017: 921R E Fourth ST,921R,E Fourth St,ISD,South Boston,SOUTH BOSTON,0,0,0604452000,601.01,2,42.334679,-71.026207,ERT580515,9/11/2019,COO996358,2,2,0,,,,ERECT TWO FAMILY HOUSE TO THE REAR OF THE EXISTING SINGLE FAMILY HOUSE ON THE SAME LOT  [Trade Mar 18]
New Constuction Permits 2017: 5R Trenton ST,5R,Trenton St,ISD,East Boston,MAVERICK,0,0,0102602000,502,1,42.377636,-71.038680,ERT594048,9/13/2019,COO999487,9,0,9,,,,DEMOLISH THE EXISTING STRUCTURE AND ERECT A 9 UNIT RESIDENTIAL BUILDING [Trade Mar 19]
Alteration Permits 2017: 23 Dix ST,23,Dix St,ISD,Dorchester,NEPONSET F.C.,0,1,1600940000,921.01,3,42.295008,-71.060397,ALT668794,1/24/2019,COO916257,2,0,2,,,,CHANCE OCCUPANCY FROM 3-FAMILY TO 5-FAMILY BUILDING. 
Alteration Permits 2017: 82 Albano ST,82,Albano St,ISD,Roslindale,ROSLINDALE,0,1,2000381000,1105.02,5,42.283775,-71.132379,ALT529248,1/31/2019,COO911103,1,0,1,,,,Change of Occupancy from single to two-family residential.
Alteration Permits 2017: 14 Dewolf ST,14,Dewolf St,ISD,Dorchester,UPHAMS SAVIN,0,1,1301678000,915,3,42.311098,-71.060713,ALT546863,2/26/2019,COO897077,1,0,1,,,,CHANGE OCCUPANCY FROM A TWO FAMILY TO A THREE FAMILY
Alteration Permits 2017: 54-56 Athol ST,54-56,Athol St,ISD,Allston/Brighton,ALLSTON,0,0,2201180000,1,9,42.359849,-71.134554,ALT590220,2/28/2019,COO924712,2,0,2,,,,Change Occupancy of existing Two Family to Four Family
Alteration Permits 2017: 456 Meridian ST,456,Meridian St,ISD,East Boston,EB WATERFRONT,0,0,0103590000,501.01,1,42.382241,-71.039594,ALT668266,3/26/2019,COO928555,1,3,-2,,,,CHANGE OCCUPANCY FROM A 2 UNIT RESIDENTIAL DWELLING TO A 3 UNIT RESIDENTIAL DWELLING
Alteration Permits 2017: 188 Hillside ST,188,Hillside St,ISD,Jamaica Plain,MISSION HILL,1,1,1000959000,810.01,8,42.331679,-71.108284,ALT586676,5/6/2019,COO937556,1,0,1,,,,CHANGE OCCUPANCY FROM A 3 FAMILY DWELLING TO 4 FAMILY DWELLING
Alteration Permits 2017: 37 Oak Square AV,37,Oak Square Av,ISD,Allston/Brighton,BRIGHTON,0,0,2203920000,2.01,9,42.350990,-71.163547,ALT655083,8/6/2019,COO980882,1,0,1,,,,Change occupancy from one family residential building to two family residential building [Trade Feb 18]
14 Sydney St/102 Savin Hill Ave,14,Sydney St,BPDA,Dorchester,UPHAMS SAVIN,1,1,1302685000,911,3,42.312120,-71.053640,ERT732535,7/3/2019,COO965950,9,9,0,,,,
Parcel R-74 (14 Lawnwood Pl),14,Lawnwood Pl,BPDA,Charlestown,BUNKER HILL,0,1,0200505000,404.01,1,42.377264,-71.065494,ERT503811,9/18/2019,COO999059,1,1,,,,,
 The Residence at One Hundred A (100 A St),100,A St,BPDA,South Boston,SEAPORT FT PT,1,1,0601192000,612,2,42.342821,-71.054680,ERT531244,2/6/2019,COO919709,9,9,,0,,,
735 Truman Parkway,735,Truman  Pkwy,BPDA,Hyde Park,HYDE PARK,1,1,1810591000,1402.02,5,42.251689,-71.120552,ALT707446,8/1/2019,COO982645,46,0,46,6,,6,
Madison Melnea Cass Apts/Whittier Phase 1B,600,Melnea Cass Bl,DND/BHA,Roxbury,WASH PARK,1,1,0902230010,805,7,42.334856,-71.086515,ERT762349,7/29/2019,COO977191,43,0,43,18,,18,
Callender|Tucker NHI (15 Callender),15,Callender St,DND,Mattapan,MATTAPAN,0,0,1402835000,1001,4,42.289371,-71.079520,ERT712380,4/24/2019,COO941986,2,1,1,2,1,1,SEE ALT713059 FOR SUBDIVISION TWO (2) FAMILY DWELLING ON NEW 8354 SQ FT. LOT . PROPOSED PROJECT IS PART OF THE DND NEIGHBORHOOD HOUSING INITIATIVE PROGRAM
Callender|Floyd|Stratton NHI (137 Callender),137,Callender St,DND,Mattapan,MATTAPAN,0,1,1403080000,1001,4,42.288261,-71.084559,ERT796032,8/6/2019,COO981151,1,1,0,1,1,0,Construct a new Single Family Dwelling;on 5 010 sq ft Lot [Trade Dec 18]
Callender|Floyd|Stratton NHI (9 Jones),9,Jones Av,DND,Mattapan,MATTAPAN,0,0,1403710000,1001,4,42.286910,-71.081959,ERT788808,5/23/2019,COO955008,2,1,1,2,1,1,CONSTRUCT NEW TWO FAMILY AS PART OF DND  NEW HOME INITIATIVE
Callender|Floyd|Stratton NHI (27 Jones),27,Jones Av,DND,Mattapan,MATTAPAN,0,0,1403715000,1001,4,42.286723,-71.082725,ERT788815,5/23/2019,COO955027,2,1,1,2,1,1,CONTRUCT NEW 2 FAMILY RESIDENTIAL AS PART OF DND NEW HOME INITIATIVE
Callender|Floyd|Stratton NHI (23 Jones),23,Jones Av,DND,Mattapan,MATTAPAN,0,0,1403714000,1001,4,42.286771,-71.082558,ERT788811,5/23/2019,COO955019,2,1,1,2,1,1,CONSTRUCT NEW 2 FAMILY AS PART OF DND NEW HOME INITIATIVE
Callender|Floyd|Stratton NHI (7A Jones),7A,Jones Av,DND,Mattapan,MATTAPAN,0,0,1403709000,1001,4,,,ERT788806,2/11/2019,COO918813,2,1,1,,,,ERECT 2 FAMILY RESIDENTIAL AS PART OF DND NEW HOME INITIATIVE
66 Burt St/VOA Sober House,66,Burt St,DND,Dorchester,FOURCORN CODMAN,1,1,1704553000,1004 ,4,42.283880,-71.069823,ALT796269,2/20/2019,COO924360,4,0,4,4,,4,
New Constuction Permits 2018 : 51 Meyer ST,51,Meyer St,ISD,Roslindale,ROSLINDALE,0,0,1904337008,1103.01,4,42.287601,-71.113913,ERT773975,1/3/2019,COO898378,2,2,0,,,,"WE PROPOSE TO CONSTRUCT A NEW 2 FAMILY DWELLING.  EACH UNIT WILL HAVE 3 BEDROOMS, 2-1/2 BATHS, AND UNFINISHED BASEMENT."
New Constuction Permits 2018 : 167 Coleridge ST,167,Coleridge St,ISD,East Boston,ORIENT HEIGHTS,0,0,0104304000,510,1,42.381132,-71.013316,ERT675339,2/14/2019,COO923010,2,2,0,,,,Erect 2 Unit residential dwelling. Existing building to be razed on separate permit.
New Constuction Permits 2018 : 15 Richview ST,15,Richview St,ISD,Dorchester,NEPONSET F.C.,0,1,1604998020,1008,3,42.278600,-71.061328,ERT769020,22-Feb-19,COO924588,1,1,0,,,,ERECT A NEW SINGLE-FAMILY DWELLING AND PROPOSE TWO (2) OFF STREET PARKING. 
New Constuction Permits 2018 : 167-175 Poplar ST,167-175,Poplar St,ISD,Roslindale,ROSLINDALE,0,1,1804626000,1105.02,5,42.282262,-71.128160,ERT679753,3/15/2019,COO929567,4,4,0,,,,ERECT NEW TWO AND HALF STORY FOUR FAMILY DWELLING
New Constuction Permits 2018 : 37 Redgate RD,37,Redgate Rd,ISD,West Roxbury,WEST ROXBURY,0,1,2003438001,1303,6,42.277432,-71.154107,ERT772387,4/1/2019,COO934712,1,1,0,,,, ERECT NEW CONSTRUCTION SINGLE FAMILY DWELLING AS PER ATTACHED PLANS
New Constuction Permits 2018 : 23 Metropolitan AV,23,Metropolitan Av,ISD,Roslindale,ROSLINDALE,0,0,2000423000,1105.02,5,42.281545,-71.134248,ERT749105,4/12/2019,COO941704,2,,2,,,,"RECEIVING 311SF OF LOT AREA FROM LOT 2 (PARCEL ID: 2000424000) TO BE TOTAL LOT AREA OF 8,042 SF. DEMOLISH EXISTING STRUCTURE. ERECT A NEW TWO-FAMILY WITH PROPOSED FOUR (4) OFF-STREET PARKING. FILE IN CONJUNCTION WITH ALT749158."
New Constuction Permits 2018 : 40 Seminole ST,40,Seminole St,ISD,Hyde Park,HYDE PARK,0,0,1803451000,1404,5,42.272086,-71.108814,ERT733655,4/22/2019,COO943119,2,2,0,,,,TO ERECT NEW TWO FAMILY DWELLING ON EXISTING VACANT LOT.
New Constuction Permits 2018 : 2 Bellflower ST,2,Bellflower St,ISD,Dorchester,UPHAMS SAVIN,0,1,0703224000,907,3,42.324014,-71.057289,ERT823313,4/24/2019,COO942738,2,3,-1,,,,CHANGE OCCUPANCY FROM A SINGLE FAMILY TO A THREE FAMILY.
New Constuction Permits 2018 : 43-47 Mansfield ST,43-47,Mansfield St,ISD,Allston/Brighton,ALLSTON,0,0,2201403000,1,9,42.358871,-71.131472,ERT865218,4/30/2019,COO945051,3,3,0,,,,ERECT NEW (3) SINGLE-FAMILY DWELLING WITH TWO GARAGE PARKING SPACE EACH. DEMOLISH BUILDING ON SEPARATE PERMIT. 
New Constuction Permits 2018 : 41 Redgate RD,41,Redgate Rd,ISD,West Roxbury,WEST ROXBURY,0,1,2003438001,1303,6,42.277432,-71.154107,ERT772388,5/1/2019,COO944688,1,1,0,,,,ERECT NEW CONSTRUCTION SINGLE FAMILY DWELLING AS PER ATTACHED PLANS.
New Constuction Permits 2018 : 60 Starbird AV,60,Starbird Av,ISD,Roslindale,ROSLINDALE,0,0,1806412020,1103.01,4,42.284017,-71.115283,ERT693527,5/1/2019,COO938893,2,2,0,,,,"Demolish existing Two Family Dwelling on existing 15 497 sq ft Lot.; Erect a new 21/2 story Two ( 2 ) Family Dwelling with Roof Deck.; There will be Off-Street;Parking for 4 Vehicles in Rear Yard.; 
;"
New Constuction Permits 2018 : 286 Lagrange ST,286,Lagrange St,ISD,West Roxbury,WEST ROXBURY,0,1,2003437001,1303,6,42.277762,-71.154600,ERT798516,5/6/2019,COO945147,1,1,0,,,,ERECT NEW 2- STORY  SINGLE FAMILY RESIDENCE
New Constuction Permits 2018 : 101 Milton AV,101,Milton Av,ISD,Hyde Park,HYDE PARK,0,0,1810724000,1402.02,5,42.251157,-71.112585,ERT751416,5/8/2019,COO949019,1,1,0,,,,ERECT NEW SINGLE FAMILY DWELLING WITH EXISTING GARAGE AND DRIVEWAY ON VACANT LOT.
New Constuction Permits 2018 : 258-264 Gold ST,258-264,Gold St,ISD,South Boston,ANDREW SQ,0,0,0700948000,608,2,42.335422,-71.048176,ERT692694,5/13/2019,,3,3,0,,,,Erect new;3 dwelling unit building with;5 parking spaces per plans submitted
New Constuction Permits 2018 : 20B Hawthorne ST,20B,Hawthorne St,ISD,Roxbury,HP EGLESTON,0,0,1100204000,815,7,42.324336,-71.091263,ERT708734,5/14/2019,COO949627,2,1,1,,,,"COMBINE EXISTING PARCEL # 11-00203-000 (17,164 S.Q.F.T.) THAT HAS EXISTING TOWN HOUSE DWELLINGS... WITH VACANT PARCEL # 11-00204-000 (8,305 S.Q.F.T.). 
SUBDIVIDE THIS COMBINED LOT OF 25,469 S.Q.F.T. INTO 2 NEW LOTS... THIS NEW LOT TO HAVE 21,317 S.Q.F.T. AND ERECT NEW CONSTRUCTION SEMI-ATTACHED 2 FAMILY DWELLING (UNDER ARTICLE 50-44-13) AS PER ATTACHED PLANS (THIS IS ONE OF 2 BUILDING ON THE SAME LOT)."
New Constuction Permits 2018 : 20 Hawthorne ST,20,Hawthorne St,ISD,Roxbury,HP EGLESTON,0,0,1100204000,815,7,42.324336,-71.091263,ERT708732,5/14/2019,COO949403,2,1,1,,,,"COMBINE PARCEL #11-00204-000 (8,305 S.Q.F.T.)  WITH THE ABUTTING PARCEL #11-00203-000 (17,164 S.Q.F.T.) ... SUBDIVIDE THIS COMBINED LOT OF 25,469 S.Q.F.T. INTO 2 NEW LOTS, THIS NEW ""LOT B"" TO HAVE 4,153 S.Q.F.T. AND ERECT NEW CONSTRUCTION SEMI-ATTACHED 2 FAMILY DWELLING AS PER ATTACHED PLAN."
New Constuction Permits 2018 : 105 W Third ST,105,W Third St,ISD,South Boston,SEAPORT FT PT,1,1,0601362000,612,2,42.341187,-71.052705,ERT618507,5/17/2019,COO951773,6,6,0,,,,"COMBINING PARCELS 0601362000, 0601363000, 0601364000, 0601365000 TO MAKE NEW PARCEL 5,073 SF IN TOTAL AREA.&NBSP; ERECT A NEW 4 STORY RESIDENTIAL BUILDING WITH 9 UNITS AND PARKING IN GARAGE FOR 9. [Amended to 6 Units after BOA]"
New Constuction Permits 2018 : 1824-1826 River ST,1824-1826,River St,ISD,Hyde Park,HYDE PARK,0,0,1812501000,1401.02,5,42.243151,-71.139391,ERT826413,5/31/2019,COO955282,2,1,1,,,,Raze existing structures and erect a new 2 family dwelling
New Constuction Permits 2018 : 21-21C Chickatawbut ST,21-21C,Chickatawbut St,ISD,Dorchester,NEPONSET F.C.,0,0,1603962000,1006.03,3,42.286796,-71.046825,ERT686905,5/28/2019,COO953232,4,4,0,,,,Combine parcel number 1603962000 (14560 sq. ft.) existing three family house parcel number 1603962001 (7398 sq.ft.) to be combined for a total of 21888 square feet and subdivide into a lot known as 21 21a 21b 21c Chickatawbut street. The proposed construction will consist of four unit building per attached plans
New Constuction Permits 2018 : 156 Tudor ST,156,Tudor St,ISD,South Boston,ANDREW SQ,0,0,0600951000,608,2,42.335378,-71.051467,ALT557122,6/3/2019,COO959305,3,3,0,,,,CONFIRM OCCUPANCY AS A GARAGE AND CHANGE OCCUPANCY FROM GARAGE TO GARAGE AND THREE RESIDENTIAL UNITS
New Constuction Permits 2018 : 214 Marginal ST,214,Marginal St,ISD,East Boston,EB WATERFRONT,0,0,0104619020,512,1,42.364596,-71.033809,ERT647843,5/23/2019,COO953755,4,4,0,,,,ERECT 4 UNIT RESIDENTIAL DWELLING ON EXISTING VACANT LOT.
New Constuction Permits 2018 : 177 Glenellen RD,177,Glenellen Rd,ISD,West Roxbury,WEST ROXBURY,0,0,2010194000,1304.02,6,42.264408,-71.164137,ERT715394,5/21/2019,COO954555,1,1,0,,,,Erect new construction single family dwelling as per attached plans
New Constuction Permits 2018 : 13 Montrose ST,13,Montrose St,ISD,Roxbury,WASH PARK,0,0,1200246000,818,7,42.323406,-71.081225,ERT798621,6/4/2019,COO957620,1,1,0,,,,BUILD A NEW RESIDENTIAL HOUSE
New Constuction Permits 2018 : 48 Prescott ST,48,Prescott St,ISD,Hyde Park,HYDE PARK,1,1,1809513000,1402.01,5,42.235060,-71.133568,ERT848652,6/6/2019,COO958199,1,1,0,,,,ERECT SINGLE FAMILY HOME WITH DRIVEWAY
New Constuction Permits 2018 : 130 Coleridge ST,130,Coleridge St,ISD,East Boston,ORIENT HEIGHTS,0,0,0104295020,510,1,42.380931,-71.015094,ERT668277,6/11/2019,COO959485,8,0,8,,,,COMBINE LOTS-(SEE ALT668272) AND ERECT 8 UNIT RESIDENTIAL DWELLING
New Constuction Permits 2018 : 28 Norwood ST,28,Norwood St,ISD,Dorchester,NEPONSET F.C.,0,0,1602504000,1006.03,3,42.291288,-71.046146,ERT800861,6/10/2019,COO921596,4,,4,,,,Erect a new 3 story  4 Unit Residential Dwelling on existing 5 400 sq ft Lot
New Constuction Permits 2018 : 793 E Sixth ST,793,E Sixth St,ISD,South Boston,SOUTH BOSTON,0,0,0604395030,601.01,2,42.333110,-71.028620,ERT721452,6/20/2019,COO963870,3,3,0,,,,Erect;building for;Three (3);residential;units;;with;5 parking under;spaces
New Constuction Permits 2018 : 258-260 W Third ST,258-260,W Third St,ISD,South Boston,SEAPORT FT PT,0,0,0601674000,606,2,42.338016,-71.047211,ERT640541,6/20/2019,COO962805,5,5,0,,,,Combine lot Parcel #0601675000(258 West Third Street) with 260 West Third Street. Erect a new 6 unit multi family building with parking on ground level  rear balconies and roof decks as per plans. Revised to 5 Units under ALT963290 [Trade May 19]
New Constuction Permits 2018 : 62 Starbird AV,62,Starbird Av,ISD,Roslindale,ROSLINDALE,0,0,1806412000,1103.01,4,42.284017,-71.115283,ERT693530,6/26/2019,COO967497,2,2,0,,,,"Demolish existing Two Family Dwelling on existing 15 497 sq ft Lot.; Erect a new 21/2 story Two ( 2 ) Family Dwelling with Roof Deck.[Trade Mar 19]
;"
New Constuction Permits 2018 : 148 W Ninth ST,148,W Ninth St,ISD,South Boston,ANDREW SQ,0,0,0700301000,608,2,42.334435,-71.053762,ERT657820,7/5/2019,COO970208,8,8,0,,,,"ERECT A NEW 8 UNIT RESIDENTIAL BUILDING WITH 2 ROOF DECKS AND PARKING BELOW, AS PER PLANS. [Trade Nov 18]"
New Constuction Permits 2018 : 15 Bullard ST,15,Bullard St,ISD,Dorchester,FOURCORN CODMAN,0,1,1401331000,919,4,42.302672,-71.072583,ERT691639,7/12/2019,COO970689,3,0,3,,,,ERECT NEW CONSTRUCTION THREE FAMILY 
New Constuction Permits 2018 : 37R-39R Juniper ST,37R-39R,Juniper St,ISD,Roxbury,HP EGLESTON,0,1,0903742300,814,7,42.325872,-71.088513,ERT549966,7/18/2019,COO956267,2,2,0,,,,The proposed job is to erect two townhouses. [Trade Sep 18]
New Constuction Permits 2018 : 26 Billings LN,26,Billings Ln,ISD,Jamaica Plain,JP PONDSIDE,0,0,1902236000,1201.05,6,42.313629,-71.125506,ERT656012,7/23/2019,COO974542,1,1,0,,,,CONSTRUCT A SINGLE FAMILY DWELLING WITH ATTACHED TWO CAR GARAGE
New Constuction Permits 2018 : 46 Geneva ST,46,Geneva St,ISD,East Boston,MAVERICK,0,1,0104122000,505,1,42.369560,-71.032551,ERT512598,7/26/2019,COO980175,3,0,3,,,,"ERECT A THREE-STORY, THREE-FAMILY RESIDENTIAL BUILDING, WHICH WILL INCLUDE A ROOF DECK, HEAD HOUSE, AND REAR DECK. "
New Constuction Permits 2018 : 54-56 Cedar ST,54-56,Cedar St,ISD,Roxbury,HP EGLESTON,0,0,1100185000,815,7,42.325153,-71.091553,ERT808429,7/30/2019,COO980185,3,3,0,,,,ERECT BUILDING FOR A THREE FAMILY DWELLING ON EXISTING VACANT LOT  
New Constuction Permits 2018 : 21 Senator Bolling CI,21,Senator Bolling Ci,ISD,Mattapan,MATTAPAN,0,0,1405196570,1001,4,42.291611,-71.092836,ERT823424,8/2/2019,COO979803,1,1,0,,,,Construct a new 2 story  wood-frame  2 100 sf Single Family Dwelling on a 7 015 sf lot. [Trade Feb 19]
New Constuction Permits 2018 : 163 Leyden ST,163,Leyden St,ISD,East Boston,ORIENT HEIGHTS,0,1,0101676000,511.01,1,42.388598,-71.005469,ERT620561,7/30/2019,COO981484,3,0,3,,,,ERECT A FULLY SPRINKLED &NBSP;NEW 3 FAMILY HOUSE ON COMBINED LOT (SEE ALT620477). SEE ERT620498 FOR A NEW 6 UNIT RESIDENTIAL BUILDING TO BE ERECTED ON SAME LOT. 
New Constuction Permits 2018 : 161 Leyden ST,161,Leyden St,ISD,East Boston,ORIENT HEIGHTS,0,1,0101675000,511.01,1,42.388620,-71.005650,ERT620498,7/30/2019,COO981476,6,0,6,,,,ERECT A FULLY SPRINKLED  6 UNIT RESIDENTIAL BUILDING ON COMBINED LOT (SEE ALT620477). SEE ERT620561 FOR 163 LEYDEN STREET FOR A NEW 3 FAMILY TO BE ERECTED ON SAME LOT. [Trade Nov 18]
New Constuction Permits 2018 : 613 E Sixth ST,613,E Sixth St,ISD,South Boston,SOUTH BOSTON,0,0,0702258000,603.01,2,42.332871,-71.035933,ERT598464,7/31/2019,COO978951,3,3,0,,,,To demo existing building &; erect new 3 residential building consisting of 2 beds  2 baths  [Trade Feb 19]
New Constuction Permits 2018 : 32 Senator Bolling CI,32,Senator Bolling Ci,ISD,Mattapan,MATTAPAN,0,0,1405196810,1001,4,42.290591,-71.093157,ERT827400,8/9/2019,COO982992,1,1,0,,,,Construct a 2-story  wood frame  2 100 sf single family dwelling on a 5 636 sf lot. [Trade Apr 19]
New Constuction Permits 2018 : 502 E Third ST,502,E Third St,ISD,South Boston,SOUTH BOSTON,0,0,0603311000, 605.01,2,42.336564,-71.039770,ERT698978,8/13/2019,COO983024,2,2,0,,,,ERECT A NEW TWO FAMILY BUILDING WITH FOUR PARKING SPACES. [Trade Dec 18]
New Constuction Permits 2018 : 85-87 Willowwood ST,85-87,Willowwood St,ISD,Mattapan,MATTAPAN,1,1,1403381000,1002,4,42.283482,-71.086161,ERT682959,8/20/2019,COO991639,2,2,0,,,,ERECTING A TWO FAMILY HOUSE ON A VACANT LOT. [Trade Jan 19]
New Constuction Permits 2018 : 11 Haynes ST,11,Haynes St,ISD,East Boston,MAVERICK,1,1,0104451000,504,1,42.366773,-71.038463,ERT656364,8/21/2019,COO989559,1,1,0,,,,ERECT SINGLE FAMILY ROWHOUSE ON NEWLY CREATED 950S.F. [Trade Nov 18]
New Constuction Permits 2018 : 9 Haynes ST,9,Haynes St,ISD,East Boston,MAVERICK,1,1,0104450000,504,1,42.366802,-71.038525,ERT656362,8/21/2019,COO989567,1,1,0,,,,ERECT SINGLE FAMILY ROWHOUSE ON NEWLY CREATED 950S.F. LOT [Trade Apr 19]
New Constuction Permits 2018 : 7 Haynes ST,7,Haynes St,ISD,East Boston,MAVERICK,1,1,0104449000,504,1,42.366830,-71.038589,ERT656360,8/21/2019,COO989555,1,1,0,,,,"ERECT SINGLE FAMILY ROWHOUSE ON NEWLY CREATED 1,100S.F. LOT [Trade Apr 19]"
New Constuction Permits 2018 : 4-10 Cufflin ST,4-10,Cufflin St,ISD,Allston/Brighton,BRIGHTON,0,0,2203746000,3.01,9,42.351157,-71.173812,ERT715238,8/22/2019,COO983290,4,4,0,,,,ERECT A 4 UNIT TOWNHOUSE
New Constuction Permits 2018 : 118-122 Tremont ST,118-122,Tremont St,ISD,Allston/Brighton,BRIGHTON,0,0,2203746000,3.01,9,42.351157,-71.173812,ERT676204,8/22/2019,COO983286,3,3,0,,,,Erect;3 town houses with parking as per plans.
New Constuction Permits 2018 : 8-10 Loring PL,8-10,Loring Pl,ISD,Hyde Park,HYDE PARK,0,0,1810237000,1402.02,5,42.247586,-71.121650,ERT675585,8/23/2019,COO988076,2,1,1,,,,TO ERECT A NEW 2 FAMILY RESIDENTIAL BUILDING WITH GARAGE PARKING ON GRADE AS PER PLANS
New Constuction Permits 2018 : 43 Wachusett ST,43,Wachusett St,ISD,Hyde Park,HYDE PARK,1,1,1801383000,1404,5,42.261935,-71.101660,ERT802499,8/23/2019,COO993025,2,2,0,,,,ERECT 2 FAMILY RESIDENCE
New Constuction Permits 2018 : 549 Washington ST,549,Washington St,ISD,Allston/Brighton,BRIGHTON,0,0,2203909000,2.01,9,42.349627,-71.163777,ERT662457,8/27/2019,COO992390,6,6,0,,,,Erect new building for;6 Residential units. Demolish existing building as per drawings
New Constuction Permits 2018 : 9 Belmont ST,9,Belmont St,ISD,Charlestown,SULLIVAN,0,0,0201548001,406,1,42.380843,-71.065471,ERT696508,8/30/2019,COO996508,2,2,0,,,,Erect;new;two (2);single-family townhouses with one (1) car garage on each;townhouse on;existing vacant lot. [Trade Apr 19]
New Constuction Permits 2018 : 311 Gallivan BL,311,Gallivan Bl,ISD,Dorchester,NEPONSET F.C.,0,1,1604926000,1008,3,42.279864,-71.065106,ERT575315,9/3/2019,COO996056,3,0,3,,,,CONSTRUCT A NEW 3 FAMILY HOME ON&NBSP;SUBDIVIDED LOT SEPERATE PARCEL- [Trade Jan 19]
New Constuction Permits 2018 : 192-194 Trenton ST,192-194,Trenton St,ISD,East Boston,MAVERICK,0,0,0103204000,509.01,1,42.380755,-71.032060,ERT788738,9/5/2019,COO987135,2,1,1,,,,CONSTRUCT A NEW TWO-FAMILY BUILDING ON THE VACANT LOT 
New Constuction Permits 2018 : 67A Lubec ST,67A,Lubec St,ISD,East Boston,MAVERICK,1,1,0104029000,505,1,42.370318,-71.033236,ERT757151,9/12/2019,COO1000273,6,0,6,,,,Erect a four story structure with six residential units and six interior parking spaces. Existing commercial structures to be demolished on a separate permit [Trade Jun 19]
New Constuction Permits 2018 : 7A-7B Sparhawk ST,7A-7B,Sparhawk St,ISD,Allston/Brighton,BRIGHTON,0,0,2202314000,2.02,9,42.350807,-71.148403,ERT710893,9/12/2019,COO983314,2,2,0,,,,ERECT TWO TOWNHOUSES [Trade Apr 19]
Adaptive Reuse Permits 2018 : 4 Joy ST,4,Joy St,ISD,Back Bay/Beacon Hill,BACK BAY B HILL,1,1,0501601010,201.01,8,42.357835,-71.065395,ALT784443,9/13/2019,COO997695,3,3,0,,,,<P>CHANGE OF OCCUPANCY FROM A PRIVATE CLUB TO A THREE FAMILY DWELLING. [Trade Nov 18]
New Constuction Permits 2018 : 45 Senator Bolling CI,45,Senator Bolling Ci,ISD,Mattapan,MATTAPAN,0,0,1405196470,1001,4,42.289974,-71.093843,ERT827409,9/25/2019,COO1003420,1,1,0,,,,Construct a 2-story  wood frame  2 200 sf single family dwelling on a 5 636 sf lot.[Trade May 19]
New Constuction Permits 2018 : 8 W Bellflower ST,8,W Bellflower St,ISD,Dorchester,UPHAMS SAVIN,0,1,0703454000,907,3,42.324728,-71.059961,ERT834672,9/23/2019,COO1003096,3,0,3,,,,"DEMOLISH EXISTING 1-STORY COMMERCIAL BLDG. AND ERECT NEW 3 STORY  DETACHED 3-FAMILY BUILDING W/FRONT AND ROOF DECKS AND 3 CAR GARAGE AS PER PLANS SUBMITTED. [Trade Jun 19]
"
Alteration Permits 2018: 8 Greenville ST,8,Greenville St,ISD,Roxbury,WASH PARK,1,1,0802611000,803,7,42.327952,-71.080432,ALT855607,6/6/2019,COO906906,1,0,1,,,,Change existing Three Family with sprinkler system;to a Four Family dwelling.;The;basement has complete egress  height and all;other life safety requirements. (also install electrical new service) In conjunction with issued ALT828932-
Alteration Permits 2018: 435 Hyde Park AV,435,Hyde Park Av,ISD,Roslindale,ROSLINDALE,0,0,1904612000,1103.01,4,42.285628,-71.119148,ALT786737,1/9/2019,COO909520,4,0,4,,,,"Change occupancy from offices ;retail stores  storage of contractors equipment  driving school with classroms and 4 residential units to Retail stores  and 8 residential units. 
Convert 2020 sq.ft of;the existin;spaces into 4 residental units as per plans 
*revised to full building sprinkler"
Alteration Permits 2018: 852 Saratoga ST,852,Saratoga St,ISD,East Boston,ORIENT HEIGHTS,0,0,0100545000,510,1,42.385283,-71.013741,ALT856152,1/16/2019,COO912956,1,0,1,,,,Renovate for;Additional Dwelling Unit;in the basement. ADU program. FA throughout and sprinkler in basment
Alteration Permits 2018: 125 Trenton ST,125,Trenton St,ISD,East Boston,EB WATERFRONT,0,0,0103025000,501.01,1,42.379422,-71.034365,ALT825034,1/17/2019,COO905126,1,0,1,,,,Second and third floor of 125 Trenton Street are currently used as one living space. Our plan is to change occupancy from a 2 family to a 3 family. This work would include separating units 2 and 3 and adding a kitchen to floor three.
Alteration Permits 2018: 38 Mead ST,38,Mead St,ISD,Charlestown,SULLIVAN,0,0,0201038000,406,1,42.380518,-71.068191,ALT608525,2/12/2019,COO920622,1,0,1,,,,Change Occupancy from a Three ( 3 );Family Dwelling to a Four ( 4 );Family Dwelling.
Alteration Permits 2018: 17-19 Walk Hill ST,17-19,Walk Hill St,ISD,Roslindale,ROSLINDALE,0,1,1904779000,1101.03,6,42.295219,-71.116074,ALT706454,2/19/2019,COO923672,1,0,1,,,,"Change of occupancy from a two family dwelling to a three family dwelling  and to renovate and add two dormers to the building. Installation of Fire Sprinkler System. ZBA 
;"
Alteration Permits 2018: 24 Roseclair ST,24,Roseclair St,ISD,Dorchester,UPHAMS SAVIN,0,1,0702989000,907,3,42.321072,-71.060203,ALT777025,2/19/2019,COO922742,1,3,-2,,,,Change occupancy from two family to three family and add a full height third story. Footprint of existing building to remain the same. Living space in basement will be part of unit 1. Construct rear deck. Propose five (5) off-street parking in rear.
Alteration Permits 2018: 51 Gloucester ST,51,Gloucester St,ISD,Back Bay/Beacon Hill,BACK BAY B HILL,1,1,0503140000,107.01,8,42.348722,-71.083663,ALT867420,3/18/2019,COO927413,1,0,1,,,,Change occupancy from 4 family dwelling and retail to 5 Family Dwelling. Minor demo  renovate existing bathroom  existing kitchenette  construct interior walls to create bedroom and office  re-work plumbing and electrical  as necessary. Work and cost declared on SF820518
Alteration Permits 2018: 47R Harvest ST,47R,Harvest St,ISD,Dorchester,UPHAMS SAVIN,0,1,0703157000,907,3,42.323415,-71.058832,ALT763146,3/26/2019,COO932924,2,,2,,,,Change occupancy from an existing carriage house to four (4) two (2);residential units. Renovate per plans including a new fire;sprinkler system. Work will remain within the existing building;envelope. See U49763141 and U49763144 to meet off-street parking requirements.
Alteration Permits 2018: 131hf W Third ST,131hf,W Third St,ISD,South Boston,SEAPORT FT PT,0,1,0601377000,612,2,42.340635,-71.052153,ALT646208,3/28/2019,COO933736,1,2,-1,,,,Change occupancy from a single to a 2 family dwelling. 1 story vertical addition to existing house and a 3 story rear addition as per plans.[Trade Jan 19]
Alteration Permits 2018: 35 Commonwealth AV,35,Commonwealth Av,ISD,Back Bay/Beacon Hill,BACK BAY B HILL,1,1,0502878000,107.02,8,42.353323,-71.074630,ALT712480,6/3/2019,COO937758,3,3,0,,,,Change of Occupancy from a School for Modeling to 3;Dwelling Units.;Includes a 6th level addition
Alteration Permits 2018: 11 Claremont PK,11,Claremont Pk,ISD,South End,SOUTH END,0,1,0402493000,708,7,42.342233,-71.080950,ALT734776,5/24/2019,COO954900,1,0,1,,,,"<P>CHANGE USE TO TWO RESIDENTIAL UNITS. INTERIOR RENOVATION PER PLANS. EXTERIOR RENOVATIONS PER PLANS AND EXTEND REAR BAY FROM 1ST LEVEL DOWN TO GROUND FLOOR. INSTALL REAR DECKS. CONSTRUCT NEW ADDITION AT ROOF TO INCLUDE PENTHOUSE ADDITION OF 260SF AND ROOF DECK. INSTALL NEW FIRE SUPPRESSION SYSTEM.</P>
<P>BOA PROVISO: #BOA771102: SUBJECT TO BRA AND LANDMARKS REVIEW</P>
<P>&NBSP;</P>"
Alteration Permits 2018: 36 Hall ST,36,Hall St,ISD,Jamaica Plain,FOREST HILLS,1,1,1103212000,1202.01,6,42.304997,-71.113193,ALT788822,5/24/2019,COO955865,1,0,1,,,,Change use from existing 2-family to 3 apartments.
Alteration Permits 2018: 29 Goldsmith ST,29,Goldsmith St,ISD,Jamaica Plain,FOREST HILLS,1,1,1901427000,1201.04,6,42.307820,-71.118840,ALT765254,5/30/2019,COO954703,1,0,1,,,,Confirm as a 2 family dwelling and Change from a 2 family to a 3 Family dwelling
Alteration Permits 2018: 65 Beech Glen ST,65,Beech Glen St,ISD,Roxbury,HP EGLESTON,0,0,1100524000,814,7,42.323895,-71.094190,ALT804284,6/4/2019,COO958962,1,0,1,,,,Change occupancy from single-family to two-family dwelling. Construct 1-story side addition. Extend living space and bedrooms;to basement for Unit 1. Full;interior renovation.
Alteration Permits 2018: 38-38A Haverford ST,38-38A,Haverford St,ISD,Roxbury,HP EGLESTON,0,1,1102057000,1203.01,6,42.313199,-71.102054,ALT695640,6/19/2019,COO959831,1,0,1,,,,Partial demolition of structure in rear  then Change occupancy from single family;and Dentist Office;to 2 family in accordance with the submitted plans. 
Alteration Permits 2018: 36-36A Haverford ST,36-36A,Haverford St,ISD,Roxbury,HP EGLESTON,0,1,1102058000,1203.01,6,42.313122,-71.102118,ALT695637,6/19/2019,COO959834,1,0,1,,,,Partial demolition of structure in rear. then Change occupancy from single family;and Dentist Office;to 2 family in accordance with the submitted plans.; Actual Work Description: Construct addition in rear and then change occupancy from a single family #36;to a two family residence #36-36A in accordance with the submitted plans on a 2 509.2 sf lot.
Alteration Permits 2018: 3215 Washington ST,3215,Washington St,ISD,Roxbury,HP EGLESTON,0,1,1102029000,1203.01,6,42.312291,-71.102081,ALT773989,4/18/2019,COO935742,1,0,1,,,,CHANGE OCCUPANCY; FROM TWO (2) FAMILY TO;THREE (3);FAMILY PER PLANS. THIRD UNIT AT ATTIC FLOOR. EXTEND;LIVING SPACE TO BASEMENT FOR UNIT 1.;CONSTRUCT NEW REAR DECK AND REAR ADDITION WITH ROOF DECK. INSTALL FIRE PROTECTION SYSTEMS  FIRE ALARM AND SPRINKLER  PER DESIGN. INCLUDE PLUMING AND ELECTRICAL. ZBA
Alteration Permits 2018: 57R Sedgwick ST,57R,Sedgwick St,ISD,Jamaica Plain,JP PONDSIDE,0,1,1901263000,1204,6,42.308418,-71.113246,ALT411661,6/6/2019,COO961157,1,0,1,,,,Change Occupancy from Garage (#6578/1925) to an In-Law;Dwelling Unit
Alteration Permits 2018: 34 Maple ST,34,Maple St,ISD,West Roxbury,WEST ROXBURY,1,1,2006383000,1302,6,42.287796,-71.155076,ALT660997,7/12/2019,COO962244,1,0,1,,,,Change Occupancy from;two to;three;family dwelling. 
Alteration Permits 2018: 306 W Third ST,306,W Third St,ISD,South Boston,SOUTH BOSTON,0,0,0601815000,605.01,2,42.337250,-71.045880,ALT620160,7/10/2019,COO968855,3,3,,,,,Subdivide land parcel; Existing 3-Family; add 3 story residential addition at rear of building; convert to 3 Unit condominium; 
Alteration Permits 2018: 3147-3149 Washington  ST,3147-3149,Washington  St,ISD,Roxbury,HP EGLESTON,1,1,1101332000,1203.01,6,42.313998,-71.100442,ALT721390,7/15/2019,COO960948,1,0,1,,,,Change the occupancy from a three family dwelling to a four family dwelling [Trade May 19]
Alteration Permits 2018: 273-275 Parker Hill AV,273-275,Parker Hill Av,ISD,Jamaica Plain,MISSION HILL,0,1,1001215000,811,8,42.328004,-71.100053,ALT750093,7/30/2019,COO977649,1,0,1,,,,Zoning compliant by-right vertical addition to create 3rd dwelling unit. NFPA 13D tank sprinkler system. Two means of egress
Alteration Permits 2018: 4 Albion PL,4,Albion Pl,ISD,Charlestown,SULLIVAN,0,0,0201151000,406,1,42.381167,-71.070285,ALT755677,7/30/2019,COO977509,1,0,1,,,,Change occupancy of the existing building from a two-family dwelling to a three-family dwelling.
Alteration Permits 2018: 47-51 Webster ST,47-51,Webster St,ISD,East Boston,MAVERICK,1,1,0105391000,504,1,42.367360,-71.038800,ALT690334,7/31/2019,COO714355,1,,1,,,,change the use of 1;office space to a residential unit.; Occupancy will be Restaurant and Bar with Roof deck Dinning  yoga studio/fitness center  professional offices  and 5 apts. 
Alteration Permits 2018: 1472 Tremont ST,1472,Tremont St,ISD,Jamaica Plain,MISSION HILL,1,1,1000520000,809,8,42.331788,-71.098138,ALT560395,7/3/2019,COO971594,1,0,1,,,,Confirm occupancy as an One family dwelling and change to Two family dwelling and Interior renovations to existing structure.  [Trade Apr 19]
Alteration Permits 2018: 1474 Tremont ST,1474,Tremont St,ISD,Jamaica Plain,MISSION HILL,1,1,1000519000,809,8,42.331708,-71.098281,ALT560396,8/15/2019,COO989700,1,0,1,,,,Confirm occupancy as an One family dwelling and change to Two family dwelling and Interior renovations to existing structure. 
Alteration Permits 2018: 1664-1668 Dorchester AV,1664-1668,Dorchester Av,ISD,Dorchester,NEPONSET F.C.,1,1,1601044000,921.01,3,42.293512,-71.061922,ALT555464,8/20/2019,COO986507,4,,4,,,,TWO STORY ADDITION ABOVE RESTAURANT FOR 4 NEW RESIDENTIAL UNITS AS PER PLANS.
Alteration Permits 2018: 162 Saratoga ST,162,Saratoga St,ISD,East Boston,MAVERICK,0,0,0106624000,502,1,42.377467,-71.034679,ALT849094,6/6/2019,COO895494,1,0,1,,,,;In the basement of a this Single Family Home will be an Additional Dwelling Unit per plan. 
Alteration Permits 2018: 21 Cookson TE,21,Cookson Te,ISD,Mattapan,MATTAPAN,1,1,1800519000,1010.02,5,42.272027,-71.091050,ALT765568,8/21/2019,COO990050,1,1,0,,,,DEMO AND REBUILD HOUSE ON EXISTING FOUNDATION.
Alteration Permits 2018: 18 Harris AV,18,Harris Av,ISD,Jamaica Plain,JP PONDSIDE,1,1,1901385000,1204,6,42.311033,-71.112187,ALT844720,8/27/2019,COO983342,1,0,1,,,,One family with an ADU (Additional Dwelling Unit)..Work to include interior renovation only  a 2 floor level  ;ADU install smoke and CO dectrion.
Alteration Permits 2018: 6 Saint Margaret ST,6,Saint Margaret St,ISD,Dorchester,UPHAMS SAVIN,0,1,0703067000,907,3,42.322457,-71.060641,ALT681938,8/29/2019,COO993389,1,0,1,,,,Change occupancy from one family to two family house.; [Trade Jul 18]
Alteration Permits 2018: 46 Clarendon ST,46,Clarendon St,ISD,South End,SOUTH END,1,1,0400113000,706,2,42.345490,-71.072870,ALT741661,9/6/2019,COO980620,1,2,-1,,,,Confirm occupancy as one family and then change occupancy to a two family; 
Alteration Permits 2018: 43 Wordsworth ST,43,Wordsworth St,ISD,East Boston,ORIENT HEIGHTS,0,1,0100661000,510,1,42.384840,-71.017770,ALT735546,9/12/2019,COO995197,1,,1,,,,Complete Interior and Exterior renovation. Build rear addition and rear porches. Build new additional 3rd floor dwelling unit
Alteration Permits 2018: 79 Linden ST,79,Linden St,ISD,Allston/Brighton,BRIGHTON,1,1,2100853000,7.03,9,42.352158,-71.130622,ALT703520,9/25/2019,COO998261,2,0,2,,,,Change Occupancy from a Two ( 2 ) Family Dwelling to a Four ( 4 ) Family Dwelling with 4 Off-Street Parking spaces. [Trade May 19]
New Construction Permits 2019 : 56 Arborough RD,56,Arborough Rd,ISD,Roslindale,ROSLINDALE,0,1,2005260000,1106.07,5,42.290705,-71.127440,ERT891595,8/29/2019,COO990302,1,1,0,,,,ERECT A NEW SINGLE FAMILY HOME 4 BEDROOM 2 2 1/1 BATHS APPROXIMATELY 2600-2700 SQ FT [Trade May 19]
New Construction Permits 2019 : 168 Bigelow ST,168,Bigelow St,ISD,Allston/Brighton,BRIGHTON,0,0,2203166000,3.01,9,42.355945,-71.164651,ERT589788,9/24/2019,COO1001075,2,1,1,,,,PROPOSED TO ERECT A TWO FAMILY ON AN VACANT LOT (AS PER PLANS).
Alteration Permits 2019 : 341 Savin Hill AV,341,Savin Hill Av,ISD,Dorchester,UPHAMS SAVIN,1,1,1302390000,910.01,3,42.312744,-71.049739,ALT789897,6/21/2019,COO960495,1,0,1,,,,"CHANGE FROM 2 FAMILY TO 3 FAMILY SEE RELATED RECORDS ALT765463 FOR FULL FEE ALREADY PAID, A792398 FOR SPRINKLER SYSTEM FEE."
Alteration Permits 2019 : 3 Alveston ST,3,Alveston St,ISD,Jamaica Plain,JP PONDSIDE,1,1,1901382000,1204,6,42.311654,-71.112197,ALT906092,7/2/2019,COO965187,1,0,1,,,,"Change occupancy from a 2 family to a 2 family with Additional Dwelling Unit (ADU) in Basement. [Trade Mar 19]

Renovate basement install sprinkler and faire alarm . install FA system devices in;other units;device per plans

Building code use R-2

( see additional separate permit kitchen and bath in upper units.)"
Alteration Permits 2019 : 161 S Huntington AV,161,S Huntington Av,ISD,Jamaica Plain,MISSION HILL,1,1,1001631000,811,6,42.326915,-71.111912,ALT912322,8/1/2019,COO977903,1,0,1,,,,CHANGE OF OCCUPANCY FROM MANAGEMENT OFFICE TO ONE RESIDENTIAL UNIT.
Alteration Permits 2019 : 578 Gallivan BL,578,Gallivan Bl,ISD,Dorchester,NEPONSET F.C.,0,1,1604058000,1007,3,42.283307,-71.052992,ALT809718,8/7/2019,COO983933,1,,1,,,,Change of occupancy from a Two-Family to Three-Family Dwelling. New dwelling unit extended into the;basement and garage. Installation of sprinkler system. Propose five (5) off-street parking.
Alteration Permits 2019 : 163 Devon ST,163,Devon St,ISD,Roxbury,DSNI BLUE HILL,0,1,1400067000,902,4,42.306964,-71.075531,ALT876104,8/9/2019,COO982172,1,0,1,,,,Renovate existing building. Change occupancy from a 3 to a 4 family
Alteration Permits 2019 : 46 Brooksdale RD,46,Brooksdale Rd,ISD,Allston/Brighton,BRIGHTON,0,0,2202908000,2.01,9,42.356294,-71.159641,ALT817451,8/15/2019,COO988561,1,0,1,,,,"CHANGE OCCUPANCY FROM 2 FAMILY TO 3 FAMILY DWELLING COMPLETE INTERIOR RENOVATION AS PER PLANS, NO CHANGE IN G.F.A. [Trade Apr 19]"
Alteration Permits 2019 : 242 Fairmount AV,242,Fairmount Av,ISD,Hyde Park,HYDE PARK,0,1,1810741000,1402.02,5,42.249515,-71.114639,ALT970473,8/19/2019,COO986449,1,,1,,,,Change occupancy from single family to two family. Additional dwelling (ADU program)
Alteration Permits 2019 : 2 Evandale TE,2,Evandale Te,ISD,Dorchester,UPHAMS SAVIN,0,1,1302338000,910.01,3,42.310931,-71.046606,ALT838820,9/17/2019,COO999260,1,0,1,,,,legalize occupancy by changing from a single family to a two family with two parking spaces and erect rear deck. [Trade Jun 19]
